1;Ramos Science Program;1992;110;Costa Rica;5832247
2;Boyd Exploration Institution;2001;325;Uruguay;87615481
3;Barnett Space Institution;1993;519;Kenya;79382139
4;Stephenson Exploration Corporation;2002;391;India;55438040
5;Strickland Astronomical Program;1996;842;Egypt;7623107
6;Tillman Astronomical Agency;2003;711;Saudi Arabia;61871546
7;Glover Space Agency;1999;195;El Salvador;34231822
8;Michael Space Agency;1993;944;Vatican City;3709307
9;Emerson Exploration Institution;1993;102;Central African Republic;3549745
10;Madden Astronomical Program;2007;581;French Polynesia;26949991
11;O'neil Space Agency;2006;932;Ghana;14174592
12;Cameron Space Corporation;1991;254;Togo;14340334
13;Ross Exploration Institution;1995;625;Swaziland;23966705
14;Donovan Astronomical Corporation;1982;507;Seychelles;1702364
15;Stuart Space Program;2009;482;São Tomé & Príncipe;39116492
16;Clark Space Company;1995;285;Zambia;80077517
17;Slater Science Institution;1995;593;Netherlands;42068884
18;Carson Science Corporation;2003;569;British Virgin Islands;84478796
19;Henson Space Corporation;2000;875;India;75372412
20;Perry Astronomical Corporation;1981;507;Liechtenstein;89878360
21;Miranda Space Company;1989;921;Trinidad & Tobago;33570110
22;Hubbard Exploration Company;1990;417;New Zealand;54084172
23;Lott Space Agency;1999;147;Macedonia;19333480
24;Sawyer Exploration Company;1992;962;Finland;58431179
25;Castillo Exploration Company;1987;476;China;21573433
26;Garza Exploration Institution;2005;663;Liberia;9878376
27;Nelson Astronomical Program;2000;395;Cape Verde;35378813
28;Meyer Astronomical Company;1980;131;Anguilla;88559789
29;Castro Astronomical Program;1981;643;Isle of Man;32674295
30;Mann Astronomical Program;2008;465;Germany;15364530
31;Owen Science Agency;2009;786;Cameroon;5215146
32;Harvey Science Corporation;1989;336;Fiji;17845292
33;Lowery Science Agency;1980;575;Sint Maarten;41391922
34;Vinson Astronomical Institution;1983;417;Philippines;20882629
35;Wright Exploration Institution;2002;690;Switzerland;48422166
36;Dunlap Astronomical Company;1989;867;Caribbean Netherlands;1644324
37;Coleman Space Program;2001;716;Laos;35641729
38;Becker Science Program;2003;220;Vatican City;72347740
39;Mcneil Astronomical Company;1992;842;Mongolia;9024662
40;Herman Astronomical Corporation;1987;965;Niue;20883086
41;Rosales Space Company;1999;992;Bulgaria;59234108
42;Mcdaniel Space Corporation;1985;638;Argentina;28733162
43;Cooley Exploration Agency;2004;551;Nicaragua;89559437
44;Grant Astronomical Company;1994;245;Argentina;23633805
45;Steele Science Agency;1995;123;Philippines;57133893
46;Solis Exploration Corporation;1987;810;Yemen;42189559
47;Lancaster Astronomical Company;1992;806;Falkland Islands;45756097
48;Houston Science Program;1996;918;Lesotho;50068794
49;Webster Space Corporation;1996;605;Cocos;26473907
50;Mckinney Space Program;2006;739;Colombia;93789825
51;Key Space Company;1985;492;Jordan;93034126
52;Knowles Exploration Company;2006;795;Ukraine;53796282
53;Whitley Science Agency;2005;249;Angola;25413687
54;Harvey Exploration Corporation;1986;906;Philippines;42411736
55;Schroeder Exploration Company;1983;698;Turkmenistan;11700607
56;Atkins Space Corporation;1986;592;Turkmenistan;78125119
57;Garcia Astronomical Agency;2006;799;Sierra Leone;34138741
58;Baird Space Agency;1986;602;Svalbard & Jan Mayen;51570547
59;Todd Exploration Corporation;2004;117;Equatorial Guinea;41991172
60;Peck Science Company;1984;892;Spain;71001661
61;Gay Space Agency;2000;939;Algeria;78605199
62;Mcfadden Science Institution;1997;939;Guadeloupe;19738878
63;Gutierrez Exploration Institution;1988;181;Zimbabwe;40021485
64;O'connor Science Corporation;1991;969;Gabon;75066849
65;Wells Exploration Agency;1980;103;Kiribati;53367021
66;Kidd Space Corporation;1982;622;Cyprus;41953943
67;Mcpherson Space Company;2005;725;Guinea-Bissau;8992658
68;Hahn Science Company;2003;772;Northern Mariana Islands;48879925
69;Sweet Astronomical Agency;2000;388;Solomon Islands;60866815
70;Estes Astronomical Institution;2003;386;Mauritius;36689439
71;Hammond Space Institution;2009;564;South Georgia & South Sandwich Islands;82547764
72;Mcbride Space Agency;2007;492;India;70296750
73;Mendez Exploration Company;2005;850;Anguilla;90321077
74;Mercer Science Institution;2006;805;Benin;52560847
75;Stout Space Program;1989;114;Cook Islands;80411173
76;Vance Space Company;2009;282;Zambia;43571876
77;Solis Science Institution;1993;386;Canada;59504956
78;Carrillo Space Institution;1986;544;Indonesia;4137126
79;Bush Space Program;1988;651;Togo;43309269
80;Ward Exploration Institution;1984;631;Burkina Faso;72800192
81;Rios Exploration Program;1988;940;Peru;46361271
82;Sanford Exploration Institution;1992;274;Cape Verde;76880491
83;Humphrey Space Program;2007;204;Congo - Kinshasa;37273082
84;Hurley Science Program;1998;972;Bahrain;33120448
85;Galloway Science Agency;2006;357;British Indian Ocean Territory;38645229
86;Jacobs Astronomical Institution;1991;805;Georgia;54491449
87;Robles Science Company;2010;644;Eritrea;47372917
88;Hoover Astronomical Agency;2000;199;Zimbabwe;25823308
89;Roy Space Company;2002;234;Colombia;89977898
90;Vaughan Space Program;1981;203;Bhutan;57087124
91;Mccormick Science Company;2009;763;Burundi;61283345
92;Delaney Science Corporation;2008;694;Mauritius;54135918
93;Velazquez Space Corporation;1984;931;Mauritania;67481486
94;Doyle Astronomical Corporation;2000;960;British Indian Ocean Territory;43552432
95;Beard Exploration Agency;2009;444;Brunei;35641035
96;Chang Astronomical Institution;1999;698;Ascension Island;20297657
97;Benjamin Astronomical Corporation;2009;379;Argentina;36141493
98;Durham Astronomical Program;1988;966;U.S. Virgin Islands;81312127
99;Norton Science Institution;1997;997;Burundi;51227013
100;Mosley Astronomical Company;1984;199;Micronesia;47408733
101;Holder Science Corporation;1985;152;Tunisia;57828352
102;Stark Astronomical Corporation;2003;299;Australia;96111812
103;Jimenez Space Institution;1994;365;St. Lucia;83707447
104;Beck Science Agency;2000;751;Anguilla;27108456
105;Michael Astronomical Agency;1997;469;Armenia;60232251
106;Hendrix Space Institution;2004;427;Guinea-Bissau;20436268
107;Larsen Astronomical Agency;1999;681;Algeria;22018939
108;Forbes Science Agency;1991;113;Central African Republic;37000940
109;Nolan Science Agency;2002;731;Turkey;59694544
110;Fuller Exploration Institution;2008;961;Saudi Arabia;15592695
111;Frye Science Institution;1995;936;Syria;27066561
112;Roberts Astronomical Company;2004;125;Nicaragua;52305123
113;Herrera Science Agency;1996;807;Diego Garcia;62706865
114;Caldwell Space Program;2005;219;Barbados;42756098
115;Erickson Space Program;1989;699;Tunisia;84694680
116;Donaldson Science Company;1989;881;Micronesia;39829238
117;Cannon Science Program;1996;900;Iran;92488335
118;Mann Space Company;1981;321;India;38158860
119;Buck Science Program;1989;333;Syria;51874514
120;O'neill Science Corporation;1988;307;Poland;48332838
121;Craig Space Agency;1985;282;Macau SAR China;1301686
122;Aguirre Astronomical Agency;1980;531;Qatar;4559623
123;Barrera Space Program;2005;662;Chile;36877256
124;Combs Astronomical Corporation;2008;603;Cayman Islands;82360791
125;Mcguire Exploration Agency;2001;929;Hong Kong SAR China;51633165
126;Johnson Science Company;2000;209;Mauritania;59592747
127;Mcpherson Science Corporation;1993;166;Dominican Republic;25812669
128;Roy Astronomical Institution;2006;596;Western Sahara;56474667
129;Salazar Exploration Institution;1982;667;Cambodia;52865060
130;Rush Space Corporation;1995;680;Belarus;8294282
131;Padilla Space Corporation;1992;294;St. Barthélemy;87561676
132;Goodman Astronomical Agency;1993;961;Portugal;81241370
133;Randall Space Institution;1999;391;Uzbekistan;13048291
134;Avery Exploration Agency;2002;266;Gibraltar;41948443
135;French Astronomical Institution;1996;953;U.S. Outlying Islands;1187571
136;Le Science Program;1997;588;Denmark;58916660
137;Malone Exploration Corporation;1986;510;Kenya;87501881
138;Baldwin Space Institution;2006;945;Azerbaijan;2625226
139;Lindsay Science Company;2007;280;St. Vincent & Grenadines;29388563
140;Carey Exploration Corporation;2007;899;Vatican City;49657298
141;Hatfield Space Institution;1993;157;Cambodia;87924011
142;Daniel Science Company;1991;941;Sudan;52684152
143;Kelley Exploration Company;2002;991;Liberia;30680801
144;Reilly Space Institution;2007;196;El Salvador;82276717
145;Doyle Exploration Company;1980;939;Germany;68288058
146;Branch Exploration Program;1992;173;Lithuania;92685793
147;Juarez Exploration Company;1997;711;Ascension Island;99244458
148;Wallace Astronomical Agency;1999;475;Laos;39720336
149;Daugherty Astronomical Agency;1997;457;Lithuania;62117189
150;Morton Space Company;1989;485;Micronesia;91840062
151;Lara Space Institution;1981;507;Iraq;56732890
152;Barry Space Agency;1984;472;Grenada;30531613
153;Wooten Astronomical Institution;1998;498;Wallis & Futuna;78737493
154;Collins Space Program;1993;531;Timor-Leste;71722986
155;Duran Exploration Institution;1985;984;Western Sahara;59043066
156;Dorsey Space Company;1988;901;Algeria;4083868
157;Young Exploration Program;1997;595;Sweden;72113588
158;Nunez Space Institution;1986;219;British Virgin Islands;44869936
159;Cruz Science Institution;1997;611;China;61896458
160;Vincent Astronomical Corporation;1983;343;Sweden;77602584
161;Flowers Science Agency;2007;314;Oman;55565717
162;Foley Astronomical Program;2006;151;Wallis & Futuna;20619155
163;Benjamin Exploration Corporation;2010;307;Central African Republic;4228556
164;Patterson Science Corporation;1987;446;Comoros;36818323
165;Collier Astronomical Institution;1982;486;Uganda;44898723
166;Castro Science Program;1991;327;Andorra;73912810
167;Butler Astronomical Corporation;1994;516;Papua New Guinea;45121724
168;Ayers Astronomical Institution;1996;642;Argentina;29058424
169;Mcfadden Science Institution;2008;863;Svalbard & Jan Mayen;46681389
170;Travis Exploration Institution;2004;977;Czech Republic;34997762
171;Greer Space Agency;2000;842;Tunisia;76964219
172;Christian Science Corporation;1989;821;Canada;28076878
173;Stokes Exploration Program;1985;128;Belarus;76839879
174;Sutton Space Company;1984;452;French Southern Territories;87104930
175;Cross Astronomical Program;1991;825;Portugal;95105710
176;Bond Space Company;2002;892;Tunisia;31689681
177;Cole Science Company;1984;639;Sierra Leone;6457701
178;Hartman Science Program;1981;689;Madagascar;88890883
179;Flowers Space Program;1989;137;Russia;14544192
180;Morrow Astronomical Agency;1992;734;Venezuela;37573292
181;Santiago Exploration Agency;2002;411;Kazakhstan;92471636
182;Johnson Science Corporation;2003;906;Nauru;26143788
183;Clements Astronomical Agency;2010;549;American Samoa;26605067
184;Ferrell Science Corporation;1987;405;St. Martin;22755844
185;Caldwell Astronomical Institution;1996;291;Greece;65618822
186;Steele Space Company;2009;936;Haiti;12950199
187;Dixon Science Corporation;2005;980;Lebanon;98458826
188;Bentley Exploration Company;1980;860;Faroe Islands;53521546
189;Neal Exploration Agency;1988;296;Malawi;71747109
190;Boyd Space Program;2003;536;Cuba;67357637
191;Bird Exploration Agency;1980;989;Aruba;22549241
192;Michael Science Institution;1982;742;Estonia;68189967
193;Walls Exploration Agency;2000;253;Botswana;60483735
194;Pearson Space Corporation;1993;385;Aruba;49910910
195;Powers Exploration Institution;1987;448;Gabon;72006852
196;Chaney Science Institution;2006;157;Norfolk Island;3468903
197;King Astronomical Institution;1982;799;Bahamas;93203637
198;Hendrix Astronomical Institution;1988;432;Uganda;91961491
199;Boyer Space Agency;2006;868;St. Pierre & Miquelon;73331124
200;Mooney Space Corporation;2009;191;Luxembourg;80899219
201;Stokes Astronomical Company;1984;301;Paraguay;22475849
202;Bradford Astronomical Program;1981;373;Palestinian Territories;61846172
203;Maldonado Space Program;1982;869;St. Vincent & Grenadines;52397629
204;Kinney Science Corporation;1992;597;Turks & Caicos Islands;64679889
205;Hopper Space Company;2008;543;Albania;57180459
206;Wong Astronomical Institution;2009;254;Guinea;66914993
207;Cannon Science Agency;1999;708;Andorra;67724948
208;Cote Space Company;1995;563;Barbados;79337051
209;Sosa Science Program;1984;580;Lebanon;56556973
210;Pearson Science Company;1985;717;Denmark;50804698
211;Hammond Astronomical Institution;1990;269;St. Lucia;98391173
212;Beard Exploration Agency;2007;650;St. Pierre & Miquelon;54249253
213;Norris Space Corporation;2007;660;Germany;11734755
214;Owens Exploration Company;2003;311;Papua New Guinea;6296209
215;George Space Agency;1997;428;Curaçao;61891555
216;Bowers Space Agency;1985;180;Peru;27256035
217;Holder Science Company;2010;749;Saudi Arabia;41659899
218;Sanchez Exploration Company;2000;833;Laos;63453755
219;Keith Science Agency;1999;968;Northern Mariana Islands;90363065
220;Witt Astronomical Company;1988;940;Maldives;78548199
221;Dorsey Astronomical Program;2001;572;United Arab Emirates;30939585
222;Garner Exploration Agency;2006;748;Austria;80596676
223;Reynolds Astronomical Institution;1998;885;St. Martin;69009919
224;Sherman Space Agency;1981;785;Tuvalu;31434868
225;Wooten Science Corporation;2002;658;San Marino;87036319
226;Sanchez Science Institution;2001;310;Ukraine;82370599
227;Franklin Science Program;1980;709;Sri Lanka;17980830
228;Huber Exploration Program;1987;324;Nauru;96511709
229;Reid Astronomical Program;1991;110;Belgium;17500422
230;Mullen Exploration Corporation;1997;541;United States;37826622
231;Luna Astronomical Company;2000;468;Guatemala;38114220
232;Murray Space Program;1983;902;Curaçao;84690448
233;Waller Exploration Company;1995;109;New Zealand;78568592
234;Hartman Astronomical Corporation;2002;259;Iceland;97360953
235;Vaughn Exploration Company;2005;114;Moldova;3791080
236;Forbes Exploration Agency;1999;143;Sudan;13409388
237;Bell Astronomical Program;2008;360;Portugal;76472418
238;Green Space Agency;1987;214;Czech Republic;3752007
239;Hurst Astronomical Company;1987;786;Uruguay;68261162
240;Dillard Astronomical Agency;1998;469;Namibia;20328267
241;Harrell Astronomical Corporation;2006;789;Barbados;42064465
242;Short Astronomical Program;1984;700;Puerto Rico;81726387
243;Wilkinson Space Corporation;2006;733;Wallis & Futuna;32530235
244;Blackwell Space Agency;1997;826;St. Pierre & Miquelon;46850797
245;Fitzgerald Astronomical Company;2004;655;Jordan;56925284
246;Koch Space Agency;1994;799;Senegal;63859061
247;Harrington Science Program;1997;949;Mauritania;22339839
248;Moreno Astronomical Program;2010;873;Hungary;80297574
249;White Science Institution;2009;883;U.S. Outlying Islands;32331341
250;Workman Space Agency;1988;704;Syria;65371534
251;Kerr Science Program;1984;403;St. Vincent & Grenadines;23692835
252;Sharp Science Institution;2003;297;St. Martin;1542448
253;Thomas Astronomical Company;2003;487;Mauritania;45817981
254;Lawrence Space Company;1994;534;Germany;64858898
255;Robles Space Institution;2002;489;Panama;13665183
256;Carney Science Company;2001;323;Iceland;54699382
257;Gardner Space Program;2004;806;St. Vincent & Grenadines;91634252
258;Tran Exploration Institution;1997;898;Chile;72608951
259;Melendez Exploration Program;1987;603;Iraq;4714871
260;Morris Space Institution;2002;508;France;29845364
261;Lambert Exploration Corporation;1988;249;Rwanda;88245395
262;Luna Science Program;1988;267;St. Vincent & Grenadines;61897316
263;Prince Astronomical Program;1997;742;Bermuda;49737436
264;Miller Space Company;1985;498;Solomon Islands;49658862
265;Reed Space Agency;1998;226;Latvia;57830474
266;Acevedo Science Company;1999;261;Grenada;77024109
267;Carroll Science Institution;1995;973;Curaçao;50538469
268;Nelson Space Company;1983;919;Luxembourg;36864733
269;Cain Astronomical Corporation;1999;212;Palau;83177219
270;Guerrero Astronomical Agency;1993;244;Greenland;19569674
271;Gilliam Science Corporation;1993;602;São Tomé & Príncipe;43136258
272;Ferguson Astronomical Institution;1982;542;Mayotte;61179721
273;Gonzalez Science Company;1998;431;Saudi Arabia;66005481
274;Ward Space Company;2004;439;Lithuania;45252269
275;Curtis Astronomical Agency;1999;424;Liechtenstein;11430094
276;Vance Science Agency;2006;640;Netherlands;32693455
277;Thomas Astronomical Institution;1995;678;Kiribati;43569495
278;Nelson Astronomical Institution;1980;683;Uruguay;13353499
279;Hooper Space Corporation;1986;299;Malaysia;49008322
280;Rojas Exploration Agency;2005;887;French Guiana;42251421
281;Meadows Astronomical Institution;2003;894;Japan;11745459
282;Stanley Astronomical Company;1989;598;St. Helena;56348011
283;Williams Science Corporation;1984;450;Nepal;80346001
284;Marshall Science Program;2002;476;Austria;26193021
285;Franks Astronomical Institution;1987;290;Romania;47510608
286;Gentry Astronomical Program;1999;319;Morocco;68254244
287;Joyce Space Institution;1982;377;Denmark;29859305
288;Gomez Science Company;1994;300;Greece;33019316
289;Mcclain Science Corporation;1999;581;Morocco;3107489
290;Bender Space Agency;1995;384;Botswana;34167431
291;Nixon Space Agency;1992;195;Yemen;80465499
292;Hurley Science Company;1980;116;Côte d’Ivoire;13178024
293;Hammond Space Institution;1995;601;Israel;23528627
294;Joyner Space Institution;2008;732;Malawi;3123868
295;Love Astronomical Corporation;2007;115;Mali;77966369
296;Pollard Science Company;1988;433;Guinea;30075970
297;Weeks Space Institution;1985;759;Congo - Kinshasa;18208019
298;Clarke Science Company;2001;881;Aruba;70040148
299;Owens Exploration Company;2010;537;Guinea;5988991
300;Shepard Science Corporation;1993;419;Papua New Guinea;94004402
301;Larson Astronomical Agency;1996;270;Laos;71864124
302;Bailey Astronomical Company;2007;727;Hungary;93208625
303;Robinson Exploration Corporation;2002;943;Algeria;21466144
304;Curtis Space Company;2001;901;Israel;38495613
305;Thompson Space Agency;1982;761;Mongolia;37036656
306;Mcguire Space Institution;2004;474;St. Lucia;67618550
307;Flowers Science Program;1981;515;Turks & Caicos Islands;59689767
308;Middleton Space Agency;2000;346;Iceland;15673576
309;Curry Space Program;2007;569;Cuba;43289444
310;Duffy Science Corporation;2010;994;Taiwan;82523768
311;Thompson Space Corporation;1993;778;Gibraltar;95676511
312;Gomez Space Company;1984;316;French Polynesia;55840181
313;Evans Science Program;1998;290;Czech Republic;85858864
314;Eaton Exploration Company;1989;431;Monaco;73636774
315;Nixon Space Agency;2005;817;Malawi;85463455
316;Rodriquez Exploration Institution;1992;242;Dominica;93125824
317;Medina Science Program;2005;905;Chad;56625854
318;Bullock Science Agency;2004;695;Vatican City;96237923
319;Walters Science Corporation;1985;561;Brunei;32973462
320;Sanchez Astronomical Program;2009;629;South Korea;37130614
321;Guthrie Exploration Institution;2010;306;Caribbean Netherlands;78220715
322;Manning Astronomical Company;1983;342;Belgium;21344529
323;Battle Exploration Company;1992;574;Brunei;49107869
324;Cummings Exploration Company;1980;560;Mauritius;33743156
325;Lamb Astronomical Institution;1989;598;Togo;59010067
326;Watts Astronomical Company;2008;174;Cuba;93663064
327;Chambers Science Corporation;1997;841;Kiribati;59573653
328;Lott Space Agency;2000;457;Georgia;19408558
329;Ratliff Exploration Company;1999;709;Azerbaijan;45185304
330;Rosario Science Institution;1984;754;Brunei;88243822
331;Fry Science Program;2006;776;United States;38124600
332;Sherman Exploration Corporation;1997;131;North Korea;71364727
333;Casey Astronomical Program;1990;174;Faroe Islands;21903278
334;Roberts Space Agency;2006;772;Lebanon;35750227
335;Fuentes Science Agency;1980;718;Mauritania;52208902
336;Kidd Space Agency;2008;327;Equatorial Guinea;37617594
337;Weber Exploration Company;2005;341;Marshall Islands;31024802
338;Knapp Science Program;1981;900;Latvia;5621205
339;Howell Space Corporation;1982;351;Comoros;30657584
340;Lara Exploration Corporation;1989;551;Macedonia;19309020
341;Murphy Science Agency;1999;903;Tanzania;93326114
342;Abbott Science Agency;1985;594;Spain;6243379
343;Bradshaw Astronomical Company;2009;258;Jordan;41821291
344;Galloway Space Program;1991;837;Argentina;35117637
345;Payne Astronomical Agency;1993;489;Gambia;30849592
346;Wolf Astronomical Institution;1991;421;Sweden;31025909
347;Peters Space Company;2003;994;Guinea-Bissau;60103877
348;Carey Space Company;1987;390;Belgium;38817346
349;Mullen Science Institution;2005;862;Timor-Leste;89518873
350;Glover Space Company;1992;242;Venezuela;83351494
351;Skinner Astronomical Institution;2005;713;Sri Lanka;77564804
352;Bryan Astronomical Program;2007;325;Kosovo;80446098
353;Kidd Space Corporation;2000;823;Trinidad & Tobago;47898262
354;Solis Exploration Institution;1981;972;South Georgia & South Sandwich Islands;4634164
355;Reid Space Institution;1990;550;Japan;71631274
356;Navarro Space Company;2006;854;Sweden;52690525
357;Donovan Astronomical Institution;1985;735;Guam;99471098
358;Greer Exploration Institution;2004;525;New Zealand;82609734
359;Benson Space Agency;1992;864;Cambodia;17760018
360;Bradshaw Space Program;1986;715;Georgia;51567710
361;Summers Science Institution;1980;923;Iraq;28771731
362;Bowman Exploration Corporation;1994;183;Samoa;20503539
363;Clayton Space Corporation;2006;279;Finland;68157123
364;Grimes Exploration Corporation;2007;228;Sri Lanka;91091317
365;Allen Science Institution;1999;558;Tanzania;21643340
366;Mooney Space Institution;2002;869;Brunei;14392096
367;Mccormick Space Institution;2008;160;Senegal;4628907
368;Mercado Space Agency;1987;552;St. Vincent & Grenadines;99928827
369;Holt Astronomical Institution;1991;627;Burundi;10237446
370;Johnson Space Agency;2009;979;Denmark;66237968
371;Knox Space Program;1997;960;Ethiopia;79024405
372;Shields Astronomical Agency;1992;460;Iraq;81137089
373;Waller Astronomical Agency;2005;163;Western Sahara;14108576
374;Russell Space Program;1991;770;United Kingdom;16248622
375;Mcfarland Exploration Program;1984;776;Spain;76996572
376;Miranda Exploration Agency;1989;511;Oman;12212898
377;Barr Astronomical Company;1987;172;Gambia;19757741
378;Dixon Exploration Agency;1999;296;Switzerland;32272376
379;Cantu Space Agency;2001;222;Tokelau;26723483
380;Byers Exploration Institution;2005;817;Caribbean Netherlands;79302820
381;Lee Science Agency;2007;254;Hong Kong SAR China;21378990
382;Winters Astronomical Program;2009;119;Suriname;61616812
383;Carney Space Agency;1981;370;Trinidad & Tobago;20824780
384;Espinoza Space Corporation;1990;613;Swaziland;17291546
385;Kramer Astronomical Institution;2000;361;Botswana;25065107
386;Mitchell Exploration Program;2010;911;Macau SAR China;42885479
387;Sparks Space Institution;2002;975;Azerbaijan;58020824
388;Beach Space Institution;1984;635;Spain;17556966
389;Abbott Science Institution;1982;646;Micronesia;90187821
390;Walton Astronomical Agency;1986;579;Curaçao;29244095
391;Lancaster Astronomical Agency;1994;710;Libya;84034895
392;Faulkner Exploration Agency;1984;687;Equatorial Guinea;73268294
393;Savage Space Program;2008;338;Oman;71697856
394;Jacobs Exploration Program;1994;876;Burkina Faso;6227919
395;Drake Exploration Agency;1986;450;Puerto Rico;41639994
396;Banks Astronomical Program;1989;956;Guernsey;75576002
397;Dunn Space Company;1999;230;Sierra Leone;59638280
398;Santiago Astronomical Agency;2008;597;Bulgaria;55541809
399;Cooke Astronomical Agency;1995;558;Peru;41467239
400;Welch Astronomical Program;1997;802;São Tomé & Príncipe;38622536
401;Cash Space Agency;1980;365;Cook Islands;63008073
402;Wheeler Space Institution;1983;696;Falkland Islands;19113489
403;Brady Space Agency;1981;942;Austria;79541494
404;Stein Astronomical Institution;1996;331;Seychelles;98878907
405;Medina Space Corporation;1980;545;India;50709322
406;Reeves Space Company;1985;544;Mauritania;61684967
407;Mckenzie Science Agency;2005;324;Jordan;44190838
408;Bridges Space Company;2005;274;Taiwan;49763651
409;Herring Science Program;1981;622;Bulgaria;12339904
410;Decker Science Corporation;2010;228;Mali;60964607
411;Berger Science Program;2010;696;Mozambique;56695178
412;West Science Corporation;2007;974;St. Kitts & Nevis;76251891
413;Wall Astronomical Corporation;1982;672;Taiwan;54252558
414;Hansen Science Company;2006;525;Taiwan;56439772
415;Woodard Astronomical Institution;1997;619;Micronesia;29057015
416;Sanchez Space Program;1998;985;South Korea;31600110
417;Soto Astronomical Institution;1993;646;Malaysia;94992111
418;Wells Astronomical Institution;1995;937;St. Barthélemy;72032499
419;Navarro Astronomical Company;1992;909;Falkland Islands;29388711
420;Witt Space Institution;2004;119;Kenya;80303949
421;Wallace Astronomical Corporation;1995;277;Albania;89234886
422;Reilly Science Program;2006;863;Guinea-Bissau;78527297
423;Cleveland Astronomical Institution;2002;335;Marshall Islands;4125883
424;Conley Space Program;2008;877;Afghanistan;44329494
425;Chang Exploration Corporation;2004;785;Oman;93918138
426;Buckner Astronomical Company;1997;741;Palau;6439677
427;Roberson Space Institution;1992;568;Angola;83846097
428;Castaneda Space Institution;2010;600;Malawi;57661043
429;Coffey Space Program;2001;293;Chad;11729672
430;Bowers Astronomical Corporation;1988;311;Sweden;4942602
431;Roth Exploration Agency;1992;165;Belize;32299770
432;Christian Science Program;1999;868;Iraq;89776162
433;Whitney Space Company;1980;310;Sierra Leone;55907010
434;Waters Space Company;1981;419;Vatican City;6930925
435;Camacho Astronomical Agency;1988;136;Moldova;55183243
436;Steele Science Institution;1986;630;Indonesia;47082857
437;Black Astronomical Company;2003;558;Paraguay;8403644
438;Mccray Astronomical Agency;2009;734;Guam;93759620
439;Mcgowan Astronomical Institution;1982;745;Haiti;92243673
440;Carroll Space Program;1982;175;Azerbaijan;14181933
441;Glenn Astronomical Program;2007;939;Isle of Man;13674693
442;Smith Exploration Corporation;1989;525;Namibia;68548665
443;Chase Science Company;2005;682;Christmas Island;75780235
444;Joyner Science Institution;1986;225;Nauru;1993448
445;Patterson Astronomical Agency;1984;850;Venezuela;98836509
446;Long Exploration Agency;1999;333;Ceuta & Melilla;26316370
447;Sykes Astronomical Program;1988;540;Northern Mariana Islands;55919208
448;Mcdowell Astronomical Agency;2009;838;Nicaragua;61458714
449;Beard Astronomical Corporation;1982;489;St. Martin;56322522
450;Matthews Exploration Institution;1992;622;Martinique;22638533
451;Weiss Science Agency;2008;598;Singapore;9804076
452;Hayes Astronomical Company;1984;687;Nigeria;91424357
453;Frazier Astronomical Agency;1993;954;Bahrain;43355003
454;Browning Astronomical Company;1982;201;Comoros;11646932
455;Cantu Exploration Program;2005;354;Sint Maarten;93524579
456;Foreman Science Program;1990;842;Nicaragua;29260981
457;Jones Science Agency;1997;987;Latvia;20552839
458;Cotton Astronomical Corporation;2010;143;Bangladesh;82559662
459;Mack Exploration Company;1998;607;St. Lucia;14351082
460;Gilliam Space Program;1990;961;Mali;28181339
461;Sears Science Company;1988;955;New Zealand;19442056
462;Sutton Space Institution;1993;262;Slovenia;27963286
463;Massey Science Agency;2002;264;Iran;70549589
464;Landry Space Program;2007;145;Tristan da Cunha;67579016
465;Dorsey Exploration Corporation;2008;770;Luxembourg;20193871
466;Mccormick Astronomical Agency;2008;414;New Caledonia;56009875
467;Fulton Exploration Institution;1984;734;Equatorial Guinea;13205348
468;Whitehead Astronomical Corporation;2002;516;San Marino;2217093
469;Harper Space Corporation;1995;694;Tokelau;16697618
470;Barlow Space Program;1980;728;Cape Verde;65165233
471;Reid Science Agency;1997;517;Ireland;64082361
472;Scott Space Institution;1988;732;Turks & Caicos Islands;45655718
473;Hill Science Corporation;2008;961;Russia;70429921
474;Gould Science Company;2003;519;Morocco;92983111
475;Thornton Science Institution;1982;974;French Polynesia;72803466
476;Kidd Space Corporation;2006;409;Burundi;98392682
477;Craft Exploration Company;1997;572;Guernsey;35411476
478;Levine Exploration Company;1980;701;Bosnia & Herzegovina;3244763
479;Jarvis Astronomical Institution;1983;361;Macau SAR China;15399683
480;Hewitt Space Program;1981;355;St. Barthélemy;12125359
481;Mcdowell Science Agency;1997;700;Zimbabwe;84572837
482;Hart Exploration Agency;1983;597;Swaziland;71870931
483;Mccarthy Exploration Program;1991;592;Mali;27751610
484;Dalton Astronomical Agency;1995;462;Chad;80542329
485;Hendricks Science Program;2010;347;Chad;44105943
486;Valenzuela Space Program;1986;102;Nepal;94527757
487;Austin Space Agency;1991;371;Congo - Brazzaville;29471812
488;Harris Science Institution;2008;992;Chile;84199990
489;Hardin Science Corporation;1984;183;Tunisia;25983961
490;Carr Exploration Program;2001;755;New Caledonia;98347776
491;Burch Astronomical Program;2006;430;Sweden;54953291
492;Nielsen Science Agency;1988;748;Bosnia & Herzegovina;20091907
493;Sutton Space Corporation;2000;781;South Africa;36410968
494;Barber Exploration Program;1982;160;Poland;37438086
495;Fleming Space Program;1993;650;Denmark;37384771
496;Ray Science Program;2007;882;Cape Verde;14938283
497;David Exploration Institution;1997;908;Ukraine;94824541
498;Moran Astronomical Agency;1998;272;Northern Mariana Islands;5781553
499;Benson Science Program;1996;880;Solomon Islands;94486766
500;Mcgowan Astronomical Company;1997;392;Central African Republic;21594610
501;Hoover Space Institution;1984;438;Croatia;4639287
502;Mcguire Astronomical Company;1992;215;Uzbekistan;81849786
503;Hughes Science Agency;1991;474;Togo;65198570
504;Ware Exploration Institution;1989;737;St. Barthélemy;55996971
505;Wolf Exploration Institution;1999;360;New Caledonia;48519202
506;Whitehead Astronomical Company;1995;385;Albania;42144249
507;Brock Science Agency;1989;698;Kiribati;75304714
508;Baird Space Corporation;1984;326;Macedonia;63486065
509;Kline Space Institution;1994;214;St. Barthélemy;62713307
510;Velez Science Corporation;1991;590;Uruguay;56391356
511;Wong Space Agency;1992;335;French Guiana;92469035
512;Ewing Science Corporation;2007;376;Timor-Leste;28953384
513;Huff Science Program;1998;387;Czech Republic;6071037
514;Duncan Astronomical Institution;1991;198;Solomon Islands;58464583
515;Gomez Space Institution;2002;353;Mexico;19357568
516;Gonzales Science Corporation;2008;899;Papua New Guinea;27112297
517;Duncan Space Institution;1993;505;Malawi;38055272
518;Shannon Astronomical Institution;1995;376;Côte d’Ivoire;40466971
519;Combs Science Corporation;2005;871;Kenya;26272214
520;Glass Exploration Corporation;1994;437;Japan;26662891
521;O'neal Astronomical Company;1990;758;Svalbard & Jan Mayen;15075970
522;Murphy Science Institution;1998;800;Grenada;68154905
523;Kramer Astronomical Corporation;1992;722;China;11213997
524;Floyd Science Program;1995;907;Micronesia;16768588
525;Hutchinson Exploration Agency;1995;875;Montserrat;87509934
526;Ward Exploration Company;2009;993;Moldova;73820873
527;Leblanc Science Company;1994;977;Svalbard & Jan Mayen;44765292
528;Mcconnell Astronomical Program;2004;949;Cook Islands;24070460
529;Gomez Astronomical Company;1993;160;Uzbekistan;77220032
530;Fitzpatrick Exploration Agency;1984;909;Singapore;80349338
531;Mayer Astronomical Institution;2001;876;Wallis & Futuna;20285286
532;Michael Astronomical Company;1994;571;St. Vincent & Grenadines;15039728
533;Erickson Astronomical Program;2008;722;Diego Garcia;3360067
534;Mueller Science Company;1995;431;Canada;13828938
535;Pratt Science Program;2007;517;Belize;1710623
536;Waller Science Institution;1999;261;São Tomé & Príncipe;52233279
537;Meyers Astronomical Corporation;1995;771;Nepal;63609110
538;Hall Astronomical Company;2003;585;Gibraltar;4649323
539;Rowe Astronomical Corporation;1989;303;Swaziland;85188293
540;Estrada Exploration Program;1998;513;Estonia;10146279
541;Short Astronomical Corporation;1996;700;Nepal;3348293
542;Boone Exploration Institution;1987;372;Cook Islands;37455674
543;Bell Astronomical Institution;1998;120;Hong Kong SAR China;14776881
544;Sparks Exploration Company;1999;400;Indonesia;14874874
545;Ellison Science Institution;1988;502;Canary Islands;72894076
546;Buckner Space Agency;2008;564;Belgium;58548798
547;Schultz Space Company;1985;878;Denmark;26114826
548;Alvarez Science Agency;1984;216;Samoa;69516726
549;Carpenter Space Institution;1985;949;Kosovo;45098315
550;Kline Exploration Institution;1982;984;Solomon Islands;10259147
551;Michael Exploration Institution;1980;967;Colombia;31769801
552;Farley Astronomical Institution;2008;802;Denmark;67959973
553;Gamble Space Program;1987;135;Antigua & Barbuda;36546530
554;William Exploration Company;1997;405;Cayman Islands;16859063
555;Wilkerson Exploration Corporation;1993;321;Martinique;53637710
556;Walton Exploration Program;2007;660;Canary Islands;99819474
557;Baird Astronomical Corporation;1993;886;Eritrea;36512768
558;O'connor Exploration Company;1998;133;Yemen;34882896
559;Ryan Exploration Program;1989;327;Austria;12758114
560;Jackson Astronomical Corporation;2007;123;Guadeloupe;25725142
561;Salas Exploration Institution;1995;819;Liberia;7506658
562;Mason Exploration Institution;2006;210;Ascension Island;32190918
563;Benson Science Institution;1987;667;Finland;67036790
564;Hampton Exploration Company;2004;105;Azerbaijan;77736143
565;Gibbs Astronomical Agency;2001;650;Kyrgyzstan;46463897
566;Norton Space Institution;1996;729;Bulgaria;90003453
567;Roman Space Agency;2008;256;Nauru;61265420
568;Bruce Astronomical Corporation;1988;310;Macedonia;25314552
569;Hess Astronomical Agency;2004;317;Luxembourg;19030389
570;Holden Space Corporation;1996;288;British Indian Ocean Territory;92417275
571;Stone Exploration Institution;1985;165;South Korea;50540622
572;Munoz Astronomical Corporation;2001;537;Thailand;47759699
573;Ashley Exploration Agency;1998;475;Maldives;61293141
574;Dawson Astronomical Corporation;1988;461;Comoros;61048617
575;Woodward Astronomical Institution;1985;759;Ethiopia;73249623
576;Hampton Science Institution;1990;476;Belgium;86008421
577;Mcintosh Space Institution;1984;175;Vatican City;28755724
578;Mcclain Astronomical Company;1991;687;Tuvalu;57785049
579;Anthony Space Program;2007;936;South Africa;17962061
580;Horton Astronomical Company;1994;831;St. Lucia;16746746
581;Carr Science Company;1984;659;Kiribati;13983475
582;Randolph Astronomical Institution;1990;750;Malta;76667897
583;Wolfe Astronomical Corporation;2002;299;Malaysia;49958823
584;Becker Astronomical Program;2010;860;Niger;40053057
585;Berg Space Program;2009;599;Chile;39356189
586;Mullins Science Institution;2008;310;France;19336420
587;Eaton Space Company;1990;198;Kazakhstan;88284339
588;Mcfadden Exploration Agency;1995;943;Haiti;38380016
589;Compton Exploration Company;1984;643;Micronesia;1127760
590;Cantrell Space Program;1991;797;Tanzania;3829862
591;Landry Space Program;1998;607;Spain;22702987
592;Garner Science Program;1995;151;French Guiana;44092490
593;Webster Space Institution;2006;878;Maldives;53509103
594;Porter Space Program;1997;831;Costa Rica;73201115
595;Jefferson Exploration Company;2004;346;Antigua & Barbuda;27225217
596;Sawyer Exploration Company;1988;688;Cameroon;41890999
597;Duncan Exploration Company;1991;463;Antigua & Barbuda;50038952
598;Mcneil Astronomical Program;1994;109;Liberia;65033528
599;Morales Astronomical Agency;2007;977;Sri Lanka;29644527
600;Bishop Space Institution;2008;884;Gabon;56466852
601;Doyle Science Program;2006;901;Aruba;12491102
602;Sellers Exploration Company;1986;660;Uruguay;47336960
603;Schmidt Space Institution;1997;589;Singapore;64525331
604;Gray Exploration Company;1999;328;San Marino;15014434
605;Chang Space Institution;1994;235;Oman;14738546
606;Rose Science Company;1997;727;Ukraine;72371883
607;Hodges Exploration Institution;1990;259;France;70115179
608;Fleming Science Corporation;2005;266;Faroe Islands;39523844
609;Ryan Space Agency;2001;191;Antarctica;78316304
610;Baldwin Science Institution;1980;723;India;86046312
611;Barry Exploration Company;1993;710;British Virgin Islands;23824150
612;Gilliam Astronomical Program;1980;593;Belize;59342571
613;Jacobson Exploration Corporation;2006;508;Djibouti;81843834
614;Kelley Exploration Corporation;1983;791;Burundi;59158030
615;Lester Science Institution;1992;355;Lebanon;19324824
616;Knowles Astronomical Corporation;2003;229;Bermuda;87614676
617;Webb Space Agency;1995;875;Equatorial Guinea;9489716
618;Mercer Science Agency;2001;609;Azerbaijan;78009379
619;Vazquez Astronomical Institution;1993;117;Zambia;99304340
620;Hull Exploration Corporation;1981;597;St. Helena;14202025
621;Larsen Astronomical Agency;1993;839;United States;32020313
622;Langley Exploration Institution;1981;870;Trinidad & Tobago;33277496
623;Kramer Exploration Corporation;1996;115;Canada;67520515
624;Cantrell Exploration Agency;2008;849;Guadeloupe;53360775
625;Vinson Exploration Program;1998;897;Iceland;15693941
626;Puckett Space Company;1985;760;Kosovo;32394004
627;Marshall Science Institution;2000;501;Venezuela;82772807
628;Mcdowell Space Company;1989;985;Andorra;9593609
629;Rich Astronomical Program;2010;992;Brazil;33375589
630;Reid Astronomical Company;2001;210;Thailand;59015372
631;Sexton Exploration Institution;1983;924;Jordan;21474797
632;Rivera Science Company;1986;215;Myanmar;72803906
633;Barker Space Company;1994;392;Samoa;16988669
634;Burgess Science Agency;1998;390;Iraq;17219115
635;Michael Astronomical Program;1999;301;St. Barthélemy;8538506
636;Ortega Exploration Company;2008;516;Morocco;81808692
637;Wheeler Astronomical Corporation;2002;239;Paraguay;74410719
638;Holland Science Agency;2001;804;Kazakhstan;13616442
639;Crosby Space Agency;1983;289;American Samoa;3467651
640;Wagner Exploration Corporation;1988;115;Samoa;95755686
641;Campos Science Institution;2000;903;British Virgin Islands;99486634
642;Moran Space Agency;1994;337;St. Helena;81276670
643;Woodard Astronomical Agency;1995;778;Guinea;83385542
644;Juarez Astronomical Company;1985;701;Grenada;54305308
645;Clarke Science Company;2010;632;Anguilla;66499420
646;Melton Science Program;1980;244;Poland;87007357
647;Mccullough Exploration Agency;1994;566;Sudan;95925247
648;Mcclain Astronomical Corporation;2009;880;Montserrat;96890152
649;Witt Exploration Corporation;1995;407;Tajikistan;44685391
650;Burris Astronomical Program;2009;416;Chad;94901755
651;Marks Astronomical Program;1996;515;Yemen;82016319
652;Washington Exploration Company;1994;788;Kuwait;51549433
653;Butler Astronomical Company;2004;216;Vatican City;49762470
654;Mcgowan Exploration Corporation;1999;935;Antarctica;73930014
655;Potter Exploration Institution;1992;952;Sudan;16024914
656;Mccullough Space Agency;1984;407;Hungary;38448410
657;Strong Exploration Company;2003;810;Haiti;45348530
658;Burnett Space Agency;1995;786;Denmark;63214324
659;Herring Science Company;1982;495;Zambia;93905474
660;Hanson Space Corporation;2004;102;Hungary;34582481
661;Roberson Space Institution;1991;825;Dominica;78771001
662;Everett Space Agency;1996;424;Palestinian Territories;22918083
663;Webb Science Agency;1998;569;Belarus;79166227
664;Vazquez Exploration Program;2000;603;Cook Islands;82528876
665;Richmond Exploration Institution;1982;641;Faroe Islands;37362830
666;Swanson Astronomical Company;2005;370;Fiji;99479818
667;Moss Exploration Company;1993;924;Kenya;81813374
668;Sandoval Exploration Corporation;1982;984;Turks & Caicos Islands;25289415
669;Vaughn Science Company;1986;236;Samoa;84705135
670;Rutledge Astronomical Program;1986;214;Algeria;80895556
671;Stone Space Corporation;2004;490;Montserrat;85381591
672;White Astronomical Institution;2004;874;China;80910786
673;Sampson Science Corporation;2004;176;Austria;50429122
674;Turner Exploration Company;2009;678;Uganda;70937860
675;Hunt Space Institution;2006;107;South Georgia & South Sandwich Islands;67339630
676;Fowler Science Program;2003;526;Bahrain;71144874
677;Fleming Space Corporation;2008;651;Brunei;48408460
678;Guerrero Science Program;1981;785;Paraguay;67442325
679;Crane Space Program;2004;586;Indonesia;56718962
680;Morrison Space Program;1989;810;Pakistan;29746102
681;Pennington Exploration Company;1993;240;Trinidad & Tobago;19209724
682;Boyd Astronomical Agency;1990;559;Sudan;26459084
683;Austin Exploration Agency;1998;116;Gibraltar;92518782
684;Vasquez Exploration Corporation;1999;170;Mozambique;42800455
685;Atkins Science Company;1991;982;Ireland;48006203
686;Rodgers Astronomical Corporation;2005;129;Czech Republic;71955235
687;Browning Exploration Program;1985;962;Nicaragua;3224609
688;Frye Exploration Institution;1984;403;Fiji;42867293
689;Santana Science Company;2009;444;Mali;20425351
690;West Science Agency;1980;318;Paraguay;56082730
691;Miranda Space Corporation;2000;167;Canary Islands;23818821
692;Macdonald Space Institution;1999;339;Italy;97371608
693;Haynes Space Program;1990;487;Japan;18183616
694;Mcclain Astronomical Company;1982;902;Iran;41808394
695;Wolfe Exploration Company;1984;424;Ceuta & Melilla;47443292
696;Vasquez Astronomical Program;2000;932;Argentina;84208965
697;Warner Space Corporation;1999;634;Egypt;80739803
698;Brennan Space Institution;2007;795;Estonia;1035939
699;Spence Exploration Program;1994;943;Turkey;96888834
700;Rodriguez Astronomical Agency;2001;724;Switzerland;67127429
701;Simon Science Company;1996;153;Vatican City;96229417
702;Bray Exploration Corporation;2003;101;Mexico;6490813
703;Vasquez Space Program;1990;791;Equatorial Guinea;62888120
704;Parsons Astronomical Corporation;2004;546;Swaziland;27264473
705;Ball Astronomical Company;1987;227;San Marino;49581666
706;Roy Science Company;1990;317;Tristan da Cunha;8795471
707;Vincent Exploration Corporation;1997;273;Chad;70053260
708;Serrano Astronomical Program;1981;861;Tonga;14179553
709;Christian Astronomical Company;1986;921;British Indian Ocean Territory;55121421
710;Heath Space Institution;2010;560;Slovenia;2456420
711;Aguirre Science Institution;2000;232;Tonga;99843565
712;Wise Space Program;1999;417;Curaçao;30310593
713;Lewis Space Program;1981;785;Dominica;42745698
714;Patterson Astronomical Corporation;1989;625;British Indian Ocean Territory;65781299
715;Gonzales Exploration Agency;2010;182;Tajikistan;61451672
716;Frost Exploration Company;1984;405;Palau;25416792
717;Mcclure Astronomical Company;2006;535;Pitcairn Islands;56353435
718;Kaufman Astronomical Company;2003;181;Italy;52272401
719;Lynch Exploration Company;2007;800;Grenada;94420183
720;Kinney Exploration Institution;1990;380;Cocos;64112438
721;Turner Exploration Institution;2005;524;Gibraltar;31817451
722;Beasley Space Institution;1996;513;Luxembourg;76686298
723;Flynn Astronomical Corporation;1999;123;Sweden;77267443
724;Larsen Exploration Company;1994;831;Tunisia;26950976
725;Lowe Space Institution;1994;317;Philippines;64092017
726;Wolf Astronomical Company;1995;879;Tajikistan;79365706
727;Romero Astronomical Company;1985;537;Zambia;33395959
728;Foley Astronomical Agency;1990;496;Andorra;31167473
729;Farley Astronomical Agency;2001;502;Palestinian Territories;37956278
730;Peck Space Company;1988;196;Canada;90729567
731;Goodwin Astronomical Agency;1980;812;Lebanon;63879522
732;Sanders Science Institution;1993;967;Kenya;42633709
733;Velez Space Corporation;1987;649;Svalbard & Jan Mayen;69827123
734;Nunez Exploration Company;1987;908;Nauru;25190757
735;Calderon Science Corporation;2008;921;Namibia;97974891
736;Stevens Astronomical Agency;1980;902;Kazakhstan;84769790
737;Cardenas Astronomical Agency;1995;984;Botswana;60703275
738;Clay Exploration Program;2009;381;Spain;3196815
739;Marks Science Agency;1998;313;Qatar;64710608
740;Gaines Astronomical Program;1998;352;France;73607281
741;Key Exploration Agency;2000;576;Colombia;23445584
742;Combs Science Program;1995;497;Mauritania;54716714
743;Mcdaniel Astronomical Agency;1994;670;Anguilla;36515160
744;Haley Space Agency;2000;364;Syria;46591821
745;Hooper Astronomical Company;1993;587;San Marino;44335700
746;Bass Space Institution;1984;604;Western Sahara;35415168
747;Wallace Space Program;1989;814;Ghana;53846804
748;Peck Science Institution;1986;286;Norway;5796482
749;Meyer Exploration Corporation;1999;865;Mali;14395121
750;Hood Space Program;1999;777;Mali;26039823
751;Solis Space Company;1991;149;Georgia;69342420
752;Holcomb Science Corporation;2009;666;Guinea-Bissau;60359904
753;Bruce Space Agency;2003;234;Liechtenstein;38220378
754;Ramsey Exploration Agency;1988;757;Uzbekistan;34553737
755;Colon Exploration Agency;1984;311;Falkland Islands;81786628
756;Cummings Science Program;1991;796;Ecuador;83988507
757;Burns Exploration Company;1997;190;Sweden;90343863
758;Cummings Space Agency;2003;444;Ireland;17970327
759;Erickson Astronomical Institution;2009;120;British Indian Ocean Territory;90413875
760;Evans Exploration Agency;1997;170;Sudan;15749417
761;Lester Space Corporation;2006;703;Greece;35328181
762;Mckee Astronomical Program;1994;778;Armenia;36168750
763;Reynolds Exploration Company;1991;738;Tokelau;96848042
764;Ward Astronomical Program;1999;735;Cayman Islands;61015225
765;Patton Science Program;1993;943;South Georgia & South Sandwich Islands;44479764
766;Steele Space Agency;2004;935;Guinea;10044424
767;Cooley Science Institution;1996;133;Sudan;79565181
768;Hale Exploration Corporation;1999;186;Suriname;28286429
769;Ellis Astronomical Agency;2000;868;Malaysia;24786462
770;Gilmore Space Institution;1980;832;Vatican City;39375177
771;Duran Exploration Company;1986;875;France;71794645
772;Carlson Exploration Corporation;2009;968;Panama;93752485
773;Gray Science Corporation;1985;277;Czech Republic;77952426
774;Noel Exploration Agency;1982;335;Poland;42568062
775;Petersen Space Institution;2003;145;New Zealand;29541671
776;Hogan Exploration Company;1982;862;Isle of Man;68759547
777;Casey Space Company;1984;158;Bermuda;80935635
778;Cooper Space Program;2006;457;Mali;37403141
779;Farmer Science Agency;1981;762;El Salvador;85688710
780;Reeves Astronomical Company;2006;791;Macau SAR China;70924880
781;Kelley Astronomical Program;1981;720;Anguilla;34805218
782;Pugh Space Program;1997;367;Czech Republic;42842412
783;Duran Science Program;1981;756;Angola;16339774
784;Kelly Space Program;1992;516;Timor-Leste;52379944
785;Vincent Exploration Corporation;1984;606;Malawi;80547557
786;Townsend Space Agency;1993;208;Isle of Man;54218042
787;Stephens Astronomical Agency;1998;828;Macau SAR China;26387282
788;Mccullough Exploration Program;2010;170;Brunei;92868059
789;Lynn Science Agency;1982;408;Latvia;55814853
790;Mercer Science Company;2002;687;Kosovo;72940957
791;Carey Space Corporation;1992;408;Palau;6224276
792;Wise Astronomical Corporation;2003;174;Philippines;67378873
793;Bishop Science Institution;2006;731;Angola;32513539
794;Ruiz Exploration Company;1986;515;British Virgin Islands;45363295
795;Whitney Exploration Institution;1991;471;Mauritius;67714519
796;Howard Exploration Company;1983;304;Mozambique;59598081
797;Cook Exploration Company;1993;938;United Arab Emirates;49505835
798;Bernard Space Institution;1982;720;Puerto Rico;63160082
799;Chen Exploration Corporation;1995;786;Afghanistan;39891850
800;Haney Space Company;2009;887;Bangladesh;38662492
801;Walter Exploration Corporation;2003;485;Moldova;1251233
802;Donaldson Space Company;1986;656;Guinea-Bissau;66975343
803;Blanchard Astronomical Agency;2005;643;Micronesia;81490173
804;Case Astronomical Program;1985;158;São Tomé & Príncipe;15796599
805;Campos Space Program;2000;901;Georgia;45321680
806;Glass Science Institution;1992;112;Canada;8423496
807;Franklin Astronomical Company;2010;688;Cayman Islands;72748566
808;Castaneda Exploration Agency;2000;634;Gabon;86162920
809;Booth Space Corporation;1998;797;Turkmenistan;72383535
810;Gay Space Company;2004;832;Sweden;19655696
811;Mejia Exploration Institution;2000;997;Jamaica;95632055
812;Simmons Science Corporation;2000;705;Rwanda;23906488
813;Carlson Space Institution;2001;193;Malawi;24685258
814;Holden Exploration Corporation;1987;247;Antarctica;20966916
815;Shields Astronomical Corporation;2000;256;St. Lucia;12186869
816;Hodge Exploration Agency;1999;283;Brazil;16301215
817;Burns Space Agency;1991;695;Iceland;25274344
818;Robbins Exploration Agency;1994;212;Micronesia;12845320
819;Sexton Exploration Company;2005;623;Belarus;69760001
820;Thompson Astronomical Agency;2010;126;Cayman Islands;41609095
821;Rosales Exploration Company;1997;312;Saudi Arabia;4682070
822;Schneider Astronomical Company;1997;794;Malta;92635788
823;Bailey Exploration Corporation;1985;889;Monaco;81888284
824;Booth Astronomical Company;1982;370;United Kingdom;2983193
825;Goff Exploration Corporation;2008;326;Guam;77028993
826;Marsh Science Program;1992;439;Saudi Arabia;65604127
827;Kirby Exploration Program;1990;214;Australia;31386416
828;Davidson Exploration Corporation;2008;949;Paraguay;35637800
829;Duran Astronomical Program;2009;166;Iran;83835441
830;Sweet Science Program;2004;777;Mayotte;19465551
831;Ware Astronomical Institution;1998;395;Mauritius;8065835
832;Robles Science Company;2009;750;Madagascar;60876454
833;Zimmerman Space Program;1997;437;Cook Islands;83664297
834;Spence Space Program;1999;172;Tunisia;98256820
835;Cook Exploration Program;1984;991;British Indian Ocean Territory;44025761
836;Henderson Exploration Program;2008;771;Serbia;31836896
837;Fisher Astronomical Corporation;2008;918;Sudan;3098555
838;Atkinson Science Institution;2009;928;Lebanon;24663951
839;Rutledge Astronomical Corporation;1990;968;Bangladesh;64293343
840;Osborn Science Program;1999;922;Pakistan;1904138
841;Jefferson Exploration Agency;1984;576;Sudan;83551216
842;Hardin Exploration Corporation;2005;820;Uzbekistan;78399458
843;Austin Space Company;2010;573;Afghanistan;87324690
844;Joyner Science Company;2009;181;Lebanon;63597661
845;Fowler Science Program;1997;353;Solomon Islands;34559084
846;Goff Exploration Program;1986;432;Ethiopia;44706759
847;Ratliff Science Program;2008;943;France;26505489
848;Byers Science Corporation;1997;403;Tristan da Cunha;30860295
849;Larsen Science Institution;1993;237;Nepal;59132226
850;Shaffer Exploration Agency;1994;1000;Equatorial Guinea;79630038
851;Mcmahon Space Program;1980;408;Tuvalu;93357704
852;Mcintyre Science Corporation;2002;880;Indonesia;27229825
853;York Exploration Institution;1989;803;Niger;22164042
854;Holden Science Institution;1997;385;Philippines;45393365
855;Albert Astronomical Program;1985;151;South Georgia & South Sandwich Islands;59073042
856;Pena Exploration Company;1989;900;North Korea;20676515
857;Cote Space Corporation;1980;538;Svalbard & Jan Mayen;35514651
858;Duffy Exploration Program;1993;576;Kiribati;14056417
859;Norman Astronomical Program;2002;181;Liberia;30670823
860;Dunlap Astronomical Company;1992;969;San Marino;55220840
861;Farley Exploration Institution;2002;916;Vanuatu;73152024
862;Moses Science Program;2001;785;Åland Islands;81539351
863;Craft Astronomical Institution;1991;745;Benin;43987106
864;Robertson Space Corporation;1999;394;Cuba;29578301
865;Slater Space Corporation;1996;831;Congo - Brazzaville;53744985
866;Macdonald Astronomical Program;1982;925;Ecuador;62274668
867;Everett Exploration Program;2003;574;Swaziland;61070304
868;Lane Space Agency;1985;682;Belarus;73841275
869;Spears Exploration Agency;1991;572;British Virgin Islands;14202920
870;Schroeder Exploration Program;1985;101;Switzerland;17027763
871;Carpenter Exploration Company;2003;401;Sri Lanka;70497690
872;Lawson Exploration Institution;2008;284;Mauritius;17409757
873;Murray Science Institution;1993;119;Albania;5781485
874;Wiggins Science Corporation;2000;449;Guernsey;28860387
875;Ingram Science Agency;1980;829;Bermuda;74021391
876;George Space Corporation;2001;342;Solomon Islands;95365062
877;May Science Program;1997;757;Solomon Islands;54109953
878;Holt Astronomical Corporation;1982;580;Wallis & Futuna;12687177
879;Boyle Exploration Program;1985;325;Martinique;72967877
880;Dorsey Exploration Agency;1982;432;Togo;67042978
881;Wooten Science Institution;1996;361;Tristan da Cunha;6464246
882;York Exploration Agency;1985;109;Somalia;7490803
883;Fitzpatrick Astronomical Institution;2002;235;Macedonia;40395175
884;Franks Astronomical Corporation;2002;742;Lebanon;52926704
885;Hammond Science Corporation;1988;952;Egypt;80489437
886;Strong Astronomical Company;1997;788;Central African Republic;76198998
887;Dawson Space Program;1996;320;United Kingdom;92009485
888;Norris Space Program;1996;532;Angola;42786884
889;Vargas Space Program;1987;337;Austria;48950280
890;Guerra Space Company;2004;105;Timor-Leste;40872986
891;Mayo Exploration Institution;2003;433;Wallis & Futuna;35640547
892;Richardson Exploration Corporation;2003;572;Kosovo;11571196
893;Gutierrez Exploration Company;2002;729;Réunion;69050271
894;Michael Science Institution;1981;979;Indonesia;24464928
895;White Exploration Company;1989;514;Israel;57236970
896;Irwin Science Corporation;2006;577;Czech Republic;93764235
897;Schwartz Astronomical Company;1981;308;Armenia;26460932
898;Mccoy Exploration Corporation;2000;477;United Kingdom;94617459
899;Gonzalez Exploration Corporation;1985;435;Romania;36125088
900;Vaughan Science Institution;1998;321;Botswana;15575023
901;Orr Astronomical Corporation;1997;221;Qatar;61950539
902;Solis Exploration Agency;2009;930;Central African Republic;12817093
903;Levy Astronomical Company;1990;608;Uruguay;60066817
904;Faulkner Space Program;2000;995;Italy;53824964
905;Thomas Astronomical Institution;2000;517;Ethiopia;68854774
906;Mcclain Science Program;1990;273;Christmas Island;10301310
907;Holt Space Corporation;1999;381;Armenia;28845907
908;Kidd Astronomical Program;1987;810;Central African Republic;99944951
909;Brooks Astronomical Company;1995;302;Russia;7745322
910;Barrera Science Corporation;1984;242;Belarus;68331547
911;Perry Science Corporation;1985;294;French Southern Territories;69312382
912;Gordon Space Institution;1990;277;United Arab Emirates;76993026
913;Mckinney Space Agency;1992;994;Pakistan;98448860
914;Miranda Science Company;2008;817;Marshall Islands;90547755
915;Owens Exploration Agency;1989;356;Argentina;34827169
916;Craft Exploration Company;1986;227;Sri Lanka;14584569
917;Velasquez Astronomical Agency;2007;157;Ecuador;51724839
918;Murphy Exploration Company;1991;323;Netherlands;36655241
919;Garza Exploration Corporation;2007;557;Antigua & Barbuda;76100114
920;Bruce Exploration Program;2006;863;Czech Republic;3323641
921;Booker Space Company;1996;762;Malaysia;82580244
922;Macdonald Exploration Company;1990;337;British Indian Ocean Territory;46004626
923;Spence Space Company;1989;959;French Polynesia;88205513
924;Reilly Space Corporation;2006;122;Luxembourg;58841922
925;Brock Space Corporation;1989;583;Ghana;12221400
926;Little Astronomical Program;1993;964;Zimbabwe;77387740
927;Salinas Space Corporation;2009;182;Sierra Leone;33471641
928;Hewitt Space Agency;2005;466;Guinea;31331060
929;Mercer Space Corporation;1999;496;Romania;57423773
930;Santos Science Agency;1991;631;Sint Maarten;72405868
931;Stevenson Exploration Corporation;2004;676;Réunion;56451195
932;Livingston Space Company;2001;191;Kenya;68869936
933;Day Astronomical Agency;2001;527;Bulgaria;81406003
934;Brown Science Company;1995;486;Egypt;2069258
935;Carson Science Company;2008;579;Northern Mariana Islands;35865917
936;Juarez Astronomical Agency;1985;342;Bolivia;73530146
937;Gillespie Exploration Company;2001;734;American Samoa;61630796
938;Delaney Space Company;1982;773;Diego Garcia;92445105
939;Cooper Astronomical Corporation;1996;666;Madagascar;46445700
940;Simpson Science Agency;1980;650;Nauru;3309527
941;Sherman Science Corporation;2010;122;Malta;73107528
942;Simon Space Institution;1988;457;Lithuania;35574322
943;Nelson Science Institution;1988;829;Slovenia;68953337
944;Allison Science Company;1985;324;Moldova;94829889
945;Ross Exploration Institution;2008;772;Mayotte;26050297
946;Shaw Exploration Program;2007;660;British Indian Ocean Territory;97816594
947;Reese Science Corporation;1993;106;New Zealand;61412397
948;Kinney Astronomical Agency;2007;950;Myanmar;96828291
949;Hardin Science Program;1997;554;Montserrat;9213253
950;Stewart Exploration Corporation;1988;347;Libya;21058583
951;Graves Astronomical Program;1981;955;Armenia;80993347
952;Crosby Science Agency;2008;402;Suriname;67049612
953;Gay Exploration Agency;2009;442;Switzerland;51420627
954;Stone Astronomical Institution;1990;187;Estonia;16474572
955;Hicks Astronomical Program;1985;952;Namibia;85133203
956;Maldonado Astronomical Program;2003;668;Syria;8379687
957;Guzman Science Program;1989;891;Timor-Leste;19294580
958;Flowers Science Company;2008;947;Norfolk Island;18363605
959;Cooley Exploration Corporation;1988;179;Colombia;76803689
960;Alvarez Space Agency;1997;679;Belize;27968638
961;Marsh Space Institution;1997;186;Sint Maarten;21191870
962;Yates Astronomical Agency;1981;455;Algeria;76847585
963;Curry Science Agency;1986;500;United Arab Emirates;76416053
964;Ferrell Science Program;1998;936;Hungary;97777160
965;Bauer Exploration Agency;2008;977;Nigeria;57761447
966;Joyce Astronomical Program;1999;845;Dominica;35263404
967;Mccarthy Space Institution;1987;830;Uzbekistan;63175577
968;Horton Space Institution;2009;589;South Africa;65952369
969;Irwin Astronomical Agency;1996;992;Latvia;16275604
970;Rios Exploration Institution;1993;636;Netherlands;92428528
971;Mack Exploration Corporation;2009;782;Zambia;79109277
972;Hawkins Space Program;1988;465;French Polynesia;23252796
973;Dennis Exploration Corporation;1993;430;Mauritius;5431044
974;Roach Science Agency;1998;205;Anguilla;49336938
975;Baird Science Corporation;1980;766;Belgium;1875743
976;May Science Corporation;1980;111;India;48499435
977;Dixon Science Company;1999;500;Benin;4365653
978;Shannon Exploration Program;1998;666;Benin;1691994
979;Simmons Exploration Program;1995;199;Congo - Brazzaville;48677717
980;Church Space Agency;2010;880;Cocos;29959326
981;Torres Astronomical Institution;1980;899;Tristan da Cunha;49726091
982;Solomon Science Agency;2004;683;Hong Kong SAR China;68828528
983;Howe Space Corporation;1992;334;Kyrgyzstan;72339812
984;Cleveland Space Corporation;1986;823;Belize;62793095
985;Conley Astronomical Agency;1997;490;Mali;59724980
986;Mann Astronomical Company;1986;653;Luxembourg;49560904
987;Heath Astronomical Program;1992;748;Andorra;14095170
988;Sears Science Company;1999;341;Faroe Islands;73640950
989;Wade Astronomical Institution;1995;441;Argentina;38928254
990;Bullock Space Institution;2004;343;Samoa;56459156
991;Humphrey Astronomical Program;1994;323;Malaysia;94725353
992;Horn Exploration Program;1980;592;Oman;16910859
993;Morris Astronomical Institution;2005;330;Norway;95567951
994;Prince Exploration Institution;1983;370;Eritrea;83021624
995;Berry Exploration Agency;1995;229;Canary Islands;43870921
996;Delgado Exploration Company;1983;952;Trinidad & Tobago;75065659
997;Mullen Astronomical Corporation;1996;988;Australia;67190876
998;Huber Exploration Company;1986;746;Montenegro;93673214
999;Snider Exploration Company;1993;303;Egypt;93842465
1000;Park Science Institution;1982;262;U.S. Virgin Islands;73559686
1001;Kerbal Space Program;1990;700;Kerbin;10000000
